Scientific Name,Common Name,Category Tag,Min Zone,Max Zone
Acer pseudoplatanus 'Eskimo Sunset',Eskimo Sunset Sycamore Maple,Trees,3,9
Acer pseudoplatanus 'Nizetii',Nizetii Sycamore Maple,Trees,3,9
Albizia julibrissin,Mimosa,Trees,3,9
Albizia julibrissin 'Boubri',Ombrella™ Mimosa,Trees,3,9
Albizia julibrissin 'Summer Chocolate',Summer Chocolate Mimosa,Trees,3,9
Amelanchier x grandiflora 'Autumn Brilliance (tree form)',Autumn Brilliance Serviceberry,Trees,3,9
Aralia elata 'Variegata',Variegated Japanese Angelica Tree,Trees,3,9
Araucaria araucana,Monkey Puzzle Tree,Trees,3,9
Arbutus 'Marina',Marina Strawberry Tree,Trees,3,9
Arbutus menziesii,Pacific Madrone*,Trees,3,9
Arbutus unedo,Strawberry Tree,Trees,3,9
Cercidiphyllum japonicum,Katsura Tree,Trees,3,9
Cercidiphyllum japonicum 'Pendulum',Weeping Katsura Tree,Trees,3,9
Cercidiphyllum japonicum 'Rotfuchs',Red Fox Katsura Tree,Trees,3,9
Cercis canadensis,Eastern Redbud,Trees,3,9
Cercis canadensis '(tree form)',Eastern Redbud (Tree Form),Trees,3,9
Cercis canadensis 'Alba',White Redbud,Trees,3,9
Cercis canadensis 'Appalachian Red',Appalachian Red Redbud,Trees,3,9
Cercis canadensis 'Forest Pansy',Forest Pansy Redbud,Trees,3,9
Cercis canadensis 'Hearts of Gold',Hearts Of Gold Redbud,Trees,3,9
Cercis canadensis 'Little Woody',Little Woody Redbud,Trees,3,9
Chionanthus retusus,Chinese Fringetree,Trees,3,9
Chionanthus virginicus,White Fringetree,Trees,3,9
Cordyline australis 'Torbay Dazzler',Torbay Dazzler Grass Palm,Trees,3,9
Cornus controversa 'Variegata',Variegated Giant Dogwood,Trees,3,9
Clerodendrum trichotomum,Harlequin Glorybower,Shrubs,3,9
Calycanthus chinensis,Chinese Sweetshrub,Shrubs,3,9
Calylophus serrulatus,Shrubby Evening Primrose,Shrubs,3,9
Caragana arborescens,Siberian Peashrub,Shrubs,3,9
Caragana rosea,Rose Peashrub,Shrubs,3,9
Colquhounia coccinea,Himalayan Mint Shrub,Shrubs,3,9
Elsholtzia stauntonii,Mint-Shrub,Shrubs,3,9
Euphorbia cotinifolia,Mexican Shrubby Spurge,Shrubs,3,9
Heimia salicifolia,Shrubby Yellowcrest,Shrubs,3,9
Hypericum prolificum,Shrubby St. John'S Wort,Shrubs,3,9
Lantana trifolia,Shrub Verbena,Shrubs,3,9
Lespedeza bicolor,Shrub Lespedeza,Shrubs,3,9
Leucosceptrum japonicum 'Golden Angel',Japanese Shrub Mint,Shrubs,3,9
Lonicera xylosteum,Dwarf Honeysuckle,Shrubs,3,9
Polygala dalmaisiana,Sweet Pea Shrub,Shrubs,3,9
Potentilla fruticosa,Shrubby Cinquefoil,Shrubs,3,9
Potentilla fruticosa 'Abbotswood',Shrubby Cinquefoil,Shrubs,3,9
Potentilla fruticosa 'Coronation Triumph',Shrubby Cinquefoil,Shrubs,3,9
Potentilla fruticosa 'Fargo' DAKOTA SUNSPOT,Shrubby Cinquefoil,Shrubs,3,9
Potentilla fruticosa 'Hallman Dwarf',Shrubby Cinquefoil,Shrubs,3,9
Potentilla fruticosa 'SMPFMY' CHEESEHEAD,Shrubby Cinquefoil,Shrubs,3,9
Rosa 'Amiga Mia',Shrub Rose,Shrubs,3,9
Rosa 'Ausbord' GERTRUDE JEKYLL,Shrub Rose,Shrubs,3,9
Rosa 'Ausday' THE ALEXANDRA ROSE,Shrub Rose,Shrubs,3,9
Rosa 'Ausdir' TRADESCANT,Shrub Rose,Shrubs,3,9
Abies alba,European Silver Fir,Perennials,3,9
Abies alba 'Pyramidalis',Pyramidalis Silver Fir,Perennials,3,9
Abies concolor,White Fir,Perennials,3,9
Abies concolor 'Candicans',Candicans White Fir,Perennials,3,9
Abies fraseri,Fraser Fir,Perennials,3,9
Abies koreana 'Aurea',Golden Korean Fir,Perennials,3,9
Abies lasiocarpa,Alpine Fir,Perennials,3,9
Abies pinsapo 'Glauca',Blue Spanish Fir,Perennials,3,9
Abies procera,Noble Fir,Perennials,3,9
Acer 'Johin',Johin Japanese Maple,Perennials,3,9
Acer davidii,Snakebark Maple,Perennials,3,9
Acer ginnala,Amur Maple,Perennials,3,9
Acer ginnala 'Flame',Flame Amur Maple,Perennials,3,9
Acer ginnala 'Mondy',Red Rhapsody Amur Maple,Perennials,3,9
Acer ginnala 'Ruby Slippers',Ruby Slippers Amur Maple,Perennials,3,9
Acer griseum,Paperbark Maple,Perennials,3,9
Acer japonicum,Fullmoon Maple,Perennials,3,9
Acer japonicum 'Aconitifolium',Cutleaf Fullmoon Maple,Perennials,3,9
Acer japonicum 'Attaryi',Attaryi Fullmoon Maple*,Perennials,3,9
Acer japonicum 'Aureum',Golden Fullmoon Maple,Perennials,3,9
Acer japonicum 'Emmett's Pumpkin',Emmett'S Pumpkin Fullmoon Maple,Perennials,3,9
Acer japonicum 'Green Cascade',Green Cascade Maple,Perennials,3,9
Acer macrophyllum,Big Leaf Maple,Perennials,3,9
Acer macrophyllum 'Mocha Rose',Mocha Rose Big Leaf Maple,Perennials,3,9
Acer negundo 'Flamingo',Flamingo Boxelder,Perennials,3,9
Chionanthus virginicus,White Fringetree,Annuals,3,9
Abelmoschus esculentus,Okra,Annuals,3,9
Abelmoschus esculentus 'Baby Bubba',Okra,Annuals,3,9
Agalinis tenuifolia,Slenderleaf False Foxglove,Annuals,3,9
Ageratum houstonianum,Floss Flower,Annuals,3,9
Ageratum houstonianum 'Blue Horizon',Floss Flower,Annuals,3,9
Alstroemeria ligtu subsp. incarnata,Inca Lily,Annuals,3,9
Alternanthera brasiliana 'Purple Prince',Brazilian Joyweed,Annuals,3,9
Amaranthus caudatus,Love-Lies-Bleeding,Annuals,3,9
Amaranthus tricolor,Joseph'S Coat,Annuals,3,9
Amaranthus tricolor (vegetable group),Joseph'S Coat,Annuals,3,9
Anethum graveolens,Dill,Annuals,3,9
Arachis hypogaea,Peanut,Annuals,3,9
Argemone polyanthemos,Prickly Poppy,Annuals,3,9
Atriplex hortensis,Mountain Spinach,Annuals,3,9
Bassia scoparia f. trichophylla,Burning Bush,Annuals,3,9
Benincasa hispida,Wax Gourd,Annuals,3,9
Beta vulgaris,Beet,Annuals,3,9
Beta vulgaris (Garden Beet Group) 'Bull's Blood',Beet,Annuals,3,9
Beta vulgaris (Leaf Beet Group),Swiss Chard,Annuals,3,9
Beta vulgaris (Leaf Beet Group) 'Bright Lights',Swiss Chard,Annuals,3,9
Beta vulgaris (Leaf Beet Group) 'Northern Lights',Swiss Chard,Annuals,3,9
Beta vulgaris subsp. vulgaris,Sugar Beet,Annuals,3,9
Borago officinalis,Borage,Annuals,3,9
Brachyscome (group),Swan River Daisy,Annuals,3,9
